codigo,titulo,coleccion,tipo_documental,anio,archivo_path
BFCD-0001,"Revista Mensual del B.A.P. N.º 1","Revistas BAP",Revista,1917,revistas-bap/bfcd-0001-bap-n01.pdf
BFCD-0002,"Revista Mensual del B.A.P. N.º 2","Revistas BAP",Revista,1918,revistas-bap/bfcd-0002-bap-n02.pdf
BFCD-0003,"Revista Mensual del B.A.P. N.º 3","Revistas BAP",Revista,1918,revistas-bap/bfcd-0003-bap-n03.pdf
BFCD-0004,"Revista Mensual del B.A.P. N.º 4","Revistas BAP",Revista,1918,revistas-bap/bfcd-0004-bap-n04.pdf
BFCD-0005,"Revista Mensual del B.A.P. N.º 5","Revistas BAP",Revista,1918,revistas-bap/bfcd-0005-bap-n05.pdf
BFCD-0006,"Revista Técnica — Año II — N.os 17, 19, 20 y 22","Revistas Técnicas",Revista,,revistas-tecnicas/bfcd-0006-revista-tecnica-anio-ii.pdf
BFCD-0007,"Revista Técnica — Año III — N.os 50, 53, 54, 55 y 56","Revistas Técnicas",Revista,,revistas-tecnicas/bfcd-0007-revista-tecnica-anio-iii-a.pdf
BFCD-0008,"Revista Técnica — Año III — N.os 57, 58, 59, 67, 68 y 80","Revistas Técnicas",Revista,,revistas-tecnicas/bfcd-0008-revista-tecnica-anio-iii-b.pdf
BFCD-0009,"Revista Técnica — Año V — N.os 81, 82, 83, 84, 85 y 87","Revistas Técnicas",Revista,,revistas-tecnicas/bfcd-0009-revista-tecnica-anio-v.pdf
BFCD-0010,"Revista Técnica — Año IX — N.os 171, 172, 173 y 175","Revistas Técnicas",Revista,,revistas-tecnicas/bfcd-0010-revista-tecnica-anio-ix.pdf
BFCD-0011,"Estación Adrogué — vista histórica I","Fotos Antiguas",Fotografía,,fotos-antiguas/bfcd-0011-adrogue-antigua.jpg
BFCD-0012,"Estación Adrogué — vista histórica II","Fotos Antiguas",Fotografía,,fotos-antiguas/bfcd-0012-adrogue.jpg
BFCD-0013,"Estación Andant — Línea M","Fotos Antiguas",Fotografía,,fotos-antiguas/bfcd-0013-andant-linea-m.jpg
BFCD-0014,"Apeadero Km 51 a Balneario Ensenada — 1945","Fotos Antiguas",Fotografía,1945,fotos-antiguas/bfcd-0014-km51-balneario-ensenada-1945.jpg
BFCD-0015,"Aristóbulo del Valle — construcción ferroviaria","Fotos Antiguas",Fotografía,,fotos-antiguas/bfcd-0015-aristobulo-del-valle-construccion.jpg
